{
    "general_info": {
        "cutoff": 10,
        "mode_amount": 1,
        "gate_cutoff": 4,
        "number_of_layers": 15,
        "number_of_steps": 10,
        "number_of_unitaries": 2,
        "learnin_rate": 0.05,
        "active_sd": 0.001,
        "passive_sd": 0.1,
        "seed": 42,
        "hamiltonian_order": 6,
        "optimizer": "<keras.optimizers.optimizer_experimental.adam.Adam object at 0x7f13c46173a0>"
    },
    "data": {
        "target_coeffs": "[(0.582886488918664-0.18650324362711415j),\n (-0.6963820056417689-0.49703726623841044j),\n (0.2199726811126186+0.3280711203482604j),0.05808361216819946,\n (0.2199726811126186-0.3280711203482604j),\n (-0.6963820056417689+0.49703726623841044j),\n (0.582886488918664+0.18650324362711415j),\n (0.582886488918664-0.18650324362711415j),\n (-0.6963820056417689-0.49703726623841044j),\n (0.2199726811126186+0.3280711203482604j),\n (0.2199726811126186-0.3280711203482604j),\n (-0.6963820056417689+0.49703726623841044j),\n (0.582886488918664+0.18650324362711415j),\n (0.582886488918664-0.18650324362711415j),\n (-0.6963820056417689-0.49703726623841044j),0.15601864044243652,\n (-0.6963820056417689+0.49703726623841044j),\n (0.582886488918664+0.18650324362711415j),\n (0.582886488918664-0.18650324362711415j),\n (-0.6963820056417689-0.49703726623841044j),\n (-0.6963820056417689+0.49703726623841044j),\n (0.582886488918664+0.18650324362711415j),\n (0.582886488918664-0.18650324362711415j),0.7319939418114051,\n (0.582886488918664+0.18650324362711415j),\n (0.582886488918664-0.18650324362711415j),\n (0.582886488918664+0.18650324362711415j),0.3745401188473625,\n list([(0.582886488918664-0.18650324362711415j), (-0.6963820056417689-0.49703726623841044j), (0.2199726811126186+0.3280711203482604j), 0.05808361216819946, (0.2199726811126186-0.3280711203482604j), (-0.6963820056417689+0.49703726623841044j), (0.582886488918664+0.18650324362711415j), (0.582886488918664-0.18650324362711415j), (-0.6963820056417689-0.49703726623841044j), (0.2199726811126186+0.3280711203482604j), (0.2199726811126186-0.3280711203482604j), (-0.6963820056417689+0.49703726623841044j), (0.582886488918664+0.18650324362711415j), (0.582886488918664-0.18650324362711415j), (-0.6963820056417689-0.49703726623841044j), 0.15601864044243652, (-0.6963820056417689+0.49703726623841044j), (0.582886488918664+0.18650324362711415j), (0.582886488918664-0.18650324362711415j), (-0.6963820056417689-0.49703726623841044j), (-0.6963820056417689+0.49703726623841044j), (0.582886488918664+0.18650324362711415j), (0.582886488918664-0.18650324362711415j), 0.7319939418114051, (0.582886488918664+0.18650324362711415j), (0.582886488918664-0.18650324362711415j), (0.582886488918664+0.18650324362711415j), 0.3745401188473625, [...]])]",
        "target_unitaries": "[[[ 0.36921067-0.0839944j ,-0.74634004+0.37757365j,\n   -0.12809557+0.06278294j, 0.288912  +0.23070065j],\n  [ 0.63777334-0.09272089j, 0.28462529+0.05283841j,\n    0.04623791-0.6973637j ,-0.0717132 +0.0851334j ],\n  [ 0.18767278+0.59967455j, 0.33089954+0.04019075j,\n   -0.51679812+0.15316074j, 0.45010864+0.03038527j],\n  [-0.19734742+0.08660135j,-0.28967365-0.14693738j,\n   -0.01185634-0.44779088j, 0.37963071-0.70941952j]],\n\n [[ 0.36921067-0.0839944j ,-0.74634004+0.37757365j,\n   -0.12809557+0.06278294j, 0.288912  +0.23070065j],\n  [ 0.63777334-0.09272089j, 0.28462529+0.05283841j,\n    0.04623791-0.6973637j ,-0.0717132 +0.0851334j ],\n  [ 0.18767278+0.59967455j, 0.33089954+0.04019075j,\n   -0.51679812+0.15316074j, 0.45010864+0.03038527j],\n  [-0.19734742+0.08660135j,-0.28967365-0.14693738j,\n   -0.01185634-0.44779088j, 0.37963071-0.70941952j]]]",
        "target_kets": "[[[ 0.36921067-0.0839944j , 0.63777334-0.09272089j,\n    0.18767278+0.59967455j,-0.19734742+0.08660135j,\n    0.        +0.j        , 0.        +0.j        ,\n    0.        +0.j        , 0.        +0.j        ,\n    0.        +0.j        , 0.        +0.j        ],\n  [-0.74634004+0.37757365j, 0.28462529+0.05283841j,\n    0.33089954+0.04019075j,-0.28967365-0.14693738j,\n    0.        +0.j        , 0.        +0.j        ,\n    0.        +0.j        , 0.        +0.j        ,\n    0.        +0.j        , 0.        +0.j        ],\n  [-0.12809557+0.06278294j, 0.04623791-0.6973637j ,\n   -0.51679812+0.15316074j,-0.01185634-0.44779088j,\n    0.        +0.j        , 0.        +0.j        ,\n    0.        +0.j        , 0.        +0.j        ,\n    0.        +0.j        , 0.        +0.j        ],\n  [ 0.288912  +0.23070065j,-0.0717132 +0.0851334j ,\n    0.45010864+0.03038527j, 0.37963071-0.70941952j,\n    0.        +0.j        , 0.        +0.j        ,\n    0.        +0.j        , 0.        +0.j        ,\n    0.        +0.j        , 0.        +0.j        ]],\n\n [[ 0.36921067-0.0839944j , 0.63777334-0.09272089j,\n    0.18767278+0.59967455j,-0.19734742+0.08660135j,\n    0.        +0.j        , 0.        +0.j        ,\n    0.        +0.j        , 0.        +0.j        ,\n    0.        +0.j        , 0.        +0.j        ],\n  [-0.74634004+0.37757365j, 0.28462529+0.05283841j,\n    0.33089954+0.04019075j,-0.28967365-0.14693738j,\n    0.        +0.j        , 0.        +0.j        ,\n    0.        +0.j        , 0.        +0.j        ,\n    0.        +0.j        , 0.        +0.j        ],\n  [-0.12809557+0.06278294j, 0.04623791-0.6973637j ,\n   -0.51679812+0.15316074j,-0.01185634-0.44779088j,\n    0.        +0.j        , 0.        +0.j        ,\n    0.        +0.j        , 0.        +0.j        ,\n    0.        +0.j        , 0.        +0.j        ],\n  [ 0.288912  +0.23070065j,-0.0717132 +0.0851334j ,\n    0.45010864+0.03038527j, 0.37963071-0.70941952j,\n    0.        +0.j        , 0.        +0.j        ,\n    0.        +0.j        , 0.        +0.j        ,\n    0.        +0.j        , 0.        +0.j        ]]]",