{
    "x": [
        2,
        4,
        6,
        8,
        10,
        12,
        14,
        16,
        18,
        20,
        22,
        24,
        26,
        28,
        30,
        32,
        34,
        36,
        38,
        40,
        42,
        44,
        46,
        48,
        50,
        52,
        54,
        56,
        58,
        60,
        62,
        64,
        66,
        68,
        70,
        72,
        74,
        76,
        78,
        80,
        82,
        84,
        86,
        88,
        90,
        92,
        94,
        96,
        98,
        100
    ],
    "y": [
        2.0456314086914062e-05,
        1.2814998626708984e-05,
        3.183126449584961e-05,
        1.175403594970703e-06,
        1.6736984252929686e-06,
        1.547098159790039e-05,
        8.98599624633789e-06,
        5.898475646972656e-06,
        8.749961853027344e-06,
        6.160736083984375e-06,
        1.8687248229980468e-05,
        3.0252933502197266e-05,
        2.430438995361328e-05,
        1.2805461883544922e-05,
        2.4771690368652345e-05,
        3.427743911743164e-05,
        3.518819808959961e-05,
        3.223419189453125e-05,
        3.6609172821044925e-05,
        2.393007278442383e-05,
        5.9370994567871096e-05,
        4.913330078125e-05,
        5.889892578125e-05,
        6.669282913208008e-05,
        6.236076354980469e-05,
        6.138324737548828e-05,
        9.246110916137695e-05,
        7.738351821899414e-05,
        5.648136138916016e-05,
        0.0001114654541015625,
        8.492708206176757e-05,
        7.783412933349609e-05,
        0.00012404918670654296,
        9.51671600341797e-05,
        0.00014786481857299806,
        0.00011867284774780273,
        0.00011812925338745118,
        0.00021562814712524413,
        0.00017745256423950194,
        0.00019762754440307616,
        0.00015464544296264648,
        0.00022224903106689452,
        0.00018407821655273438,
        0.00022838592529296874,
        0.0002606725692749023,
        0.00024234771728515625,
        0.00024335145950317384,
        0.000261843204498291,
        0.00027830123901367187,
        0.00029610395431518556
    ],
    "z": [
        9.900093078613281e-05,
        0.00010051965713500977,
        9.872913360595704e-05,
        9.781360626220703e-05,
        0.00015792608261108398,
        0.0001631808280944824,
        0.000180206298828125,
        0.00019462823867797853,
        0.00014128208160400392,
        0.00019901514053344727,
        0.0002193737030029297,
        0.00040743112564086916,
        0.00025897741317749024,
        0.0002694892883300781,
        0.0003161883354187012,
        0.00038404226303100585,
        0.0003867602348327637,
        0.0004036569595336914,
        0.0003724861145019531,
        0.0004939055442810059,
        0.0007247352600097657,
        0.000877389907836914,
        0.0007216572761535644,
        0.0007568120956420899,
        0.0007387709617614746,
        0.0009909343719482421,
        0.0010051894187927245,
        0.001049501895904541,
        0.001147294044494629,
        0.001089456081390381,
        0.00121443510055542,
        0.0013605380058288575,
        0.0012217259407043457,
        0.0014117312431335448,
        0.00203333854675293,
        0.0017211318016052246,
        0.0017875838279724121,
        0.002660067081451416,
        0.0019803118705749513,
        0.0024487972259521484,
        0.0020252060890197754,
        0.002476332187652588,
        0.0022942233085632324,
        0.00234285831451416,
        0.0024362826347351075,
        0.0036828064918518065,
        0.005345487594604492,
        0.0061177492141723635,
        0.0073328280448913576,
        0.007181718349456787
    ]
}